series_name,length,mean,std,acf_24,acf_168,seasonality_group
T1,2016.0,9.58531746031746,4.7405568935646905,0.26036043418548294,0.2389831562018388,weak
T2,2016.0,98.38045634920636,17.10604167235972,0.878412424233742,0.8221810414687533,medium
T3,2016.0,7.880952380952381,1.3220183154192133,-0.028038745501444147,0.9166666666666666,strong
T4,2016.0,498.15972222222223,168.9756377572767,0.8880329245663571,0.8495937672231815,strong
T5,2016.0,226.9077380952381,73.37585631069821,0.8894268511917096,0.7526604581591866,weak
T6,2016.0,791.53125,264.34054104976997,0.900248457593602,0.8362811470627288,medium
T7,2016.0,19.138392857142858,6.226080753096282,0.7898150968241157,0.7095826140962714,weak
T8,2016.0,1031.436507936508,249.4458380640736,0.8796342196134019,0.8204574141853938,medium
T9,2016.0,223.70089285714286,70.85384380358266,0.8242029436770106,0.7437927578301113,weak
T10,2016.0,262.49107142857144,114.92280414410408,0.4678522389189582,0.593316350740746,weak
T11,2016.0,159.5456349206349,45.2581539263269,0.8660724094537824,0.8086342388576556,medium
T12,2016.0,338.84573412698415,207.4047723532358,0.6680283353126014,0.8675522818641338,strong
T13,2016.0,199.33085317460316,62.57632768209441,0.7277321550653817,0.8148932950356823,medium
T14,2016.0,139.43005952380952,46.50095012253023,0.8459325296357976,0.7843511846011063,weak
T15,2016.0,203.3581349206349,53.52003883443041,0.886971377775209,0.8412790217840157,medium
T16,2016.0,1022.6617063492064,341.86791785105913,0.8459157390551829,0.8235141994339639,medium
T17,2016.0,35.11011904761905,9.470860530710864,0.7876802430578407,0.7439667435445078,weak
T18,2016.0,188.6155753968254,42.635888446207964,0.6549474204512328,0.6248462877776998,weak
T19,2016.0,643.8839285714286,191.45537634289113,0.8940099321467249,0.8470957393542303,strong
T20,2016.0,123.09771825396825,57.48652252981922,0.7276475420231184,0.8460712056941819,medium
T21,2016.0,47.723710317460316,20.263701844036802,0.8845463180010387,0.8299990335090577,medium
T22,2016.0,929.34375,286.2281259241734,0.8553377532074433,0.8103598353220924,medium
T23,2016.0,93.16220238095238,34.543134696685065,0.8417751625162441,0.8338249209442045,medium
T24,2016.0,95.76934523809524,34.77941932664016,0.8967167869745726,0.7996039989150817,medium
T25,2016.0,287.5982142857143,88.87053784472796,0.8423699710576906,0.7977368785120043,weak
T26,2016.0,365.0,122.11014657605402,0.3604971665333238,0.8196415211399736,medium
T27,2016.0,358.98015873015873,109.13260375140926,0.8783457540186451,0.8163267811222282,medium
T28,2016.0,69.97619047619048,20.66718097889774,0.8279804948165738,0.7614144850135008,weak
T29,2016.0,492.60813492063494,138.11666628344184,0.8231845765817016,0.7801957188234393,weak
T30,2016.0,162.96378968253967,128.1539647025079,0.6305439739959089,0.7482725294288795,weak
T31,2016.0,458.31944444444446,137.61161104692238,0.9147451446236917,0.8563609164847927,strong
T32,2016.0,486.24652777777777,120.18056949265382,0.829787292184692,0.8189802118338108,medium
T33,2016.0,152.22321428571428,74.86213371439223,0.8458110474914915,0.8673711056732073,strong
T34,2016.0,185.21974206349208,51.57995630084385,0.8581714526556412,0.7707939379797026,weak
T35,2016.0,4496.21875,1282.13531328524,0.8382369627744524,0.8401314961043939,medium
T36,2016.0,132.71329365079364,48.22707060512658,0.8883142961525493,0.7659583991685495,weak
T37,2016.0,451.32390873015873,175.830615934203,0.40266059804034277,0.7775872913700528,weak
T38,2016.0,565.7316468253969,159.19539104579778,0.8239677173124018,0.7435413515056453,weak
T39,2016.0,122.49355158730158,35.47304977028724,0.7807534401045078,0.7387915595807036,weak
T40,2016.0,60.945436507936506,17.193633436881274,0.7932336555697915,0.7475554379279926,weak
T41,2016.0,3862.4290674603176,1162.9238495659163,0.8932318556815751,0.8414047281989132,medium
T42,2016.0,717.422123015873,237.1385028425655,0.8836093197931462,0.8090333760754143,medium
T43,2016.0,225.59325396825398,59.48166679448203,0.8467757910973003,0.7724223936810942,weak
T44,2016.0,136.77529761904762,37.1526586471854,0.8770978082719214,0.7950673872933188,weak
T45,2016.0,268.953373015873,112.76067158403714,0.9105536036717831,0.8501571113350749,strong
T46,2016.0,304.05357142857144,71.85392967310223,0.8880840837566403,0.8503112843329401,strong
T47,2016.0,73.18005952380952,22.37311708838143,0.8661579570909024,0.7842337794619747,weak
T48,2016.0,155.76884920634922,48.748159731902724,0.9190524717709718,0.8479333212164123,strong
T49,2016.0,106.13343253968254,42.763788657701134,0.8236001117163291,0.8880990608836928,strong
T50,2016.0,326.1969246031746,113.63641376861875,0.8896801006360665,0.8084939955435738,medium
T51,2016.0,516.1468253968254,112.65450267987019,0.5515872456897508,0.6428768422495712,weak
T52,2016.0,109.1686507936508,25.895496049312506,0.8243610827387031,0.7680134882249112,weak
T53,2016.0,314.42757936507934,78.68910919590645,0.6911625722892709,0.715515076508839,weak
T54,2016.0,263.29811507936506,76.3399996856342,0.9081091118565248,0.7712264860858525,weak
T55,2016.0,94.22470238095238,38.499762998017104,0.8934949848854928,0.8546739010739226,strong
T56,2016.0,6060.136904761905,1704.147671656609,0.8209875465549393,0.8602835897788401,strong
T57,2016.0,285.8015873015873,83.49641374688845,0.8592198155730055,0.8118833804309024,medium
T58,2016.0,229.10763888888889,72.05551913956886,0.8697576421292449,0.7994750949552897,medium
T59,2016.0,778.327876984127,249.08293531937952,0.8874498420064649,0.8209089772547783,medium
T60,2016.0,572.9092261904761,148.86059712091333,0.8156384338313962,0.7927022436359435,weak
T61,2016.0,709.9632936507936,193.97976300179155,0.8606361453463705,0.7635712921498123,weak
T62,2016.0,167.71428571428572,50.660926545593796,0.8871471586108906,0.8099426586101649,medium
T63,2016.0,206.57539682539684,65.33741992382961,0.9291577507007696,0.8558235701102839,strong
T64,2016.0,410.9632936507937,120.78622497912342,0.8978654838218507,0.794903728304736,weak
T65,2016.0,185.92757936507937,75.00378769068966,0.9438221973286227,0.870078123804307,strong
T66,2016.0,375.8000992063492,101.45710359081703,0.8583514967076965,0.8131021074581452,medium
T67,2016.0,216.60416666666666,62.23602238767263,0.8788504312022556,0.7613774025371061,weak
T68,2016.0,266.3204365079365,69.42965278268174,0.8506162596287793,0.7396036163415941,weak
T69,2016.0,169.56448412698413,68.3835385293666,0.6666540908423203,0.8243393013870772,medium
T70,2016.0,165.29761904761904,40.00300973654182,0.8748606464904651,0.7739556434856019,weak
T71,2016.0,124.5813492063492,37.99595750956318,0.8013359033122991,0.7078537695972253,weak
T72,2016.0,66.85069444444444,24.600781328609553,0.8812110707906632,0.785235679182638,weak
T73,2016.0,415.92609126984127,135.5515738031672,0.9004151673700833,0.8292926996094337,medium
T74,2016.0,182.5654761904762,40.08089140383012,0.9167618774956464,0.8625115258413105,strong
T75,2016.0,296.6686507936508,89.23205951785877,0.9201991003649577,0.8307542337898441,medium
T76,2016.0,1130.0119047619048,472.78347910247976,0.7296431968633706,0.8469358598884145,medium
T77,2016.0,480.9702380952381,131.96105992470373,0.8455787111821684,0.7684919401788328,weak
T78,2016.0,1830.2693452380952,593.5373381670111,0.8860729960027084,0.8308667844651583,medium
T79,2016.0,504.5843253968254,154.56272110152182,0.8539031296168452,0.8261178768136501,medium
T80,2016.0,648.8090277777778,311.19374091196784,0.6542497819518568,0.7686235098580111,weak
T81,2016.0,816.5719246031746,274.0152910833379,0.8182383894128511,0.7602364671105828,weak
T82,2016.0,622.4980158730159,362.41512415776117,0.34492076583351705,0.7230917040792805,weak
T83,2016.0,480.8467261904762,108.71815725745527,0.7773226936687757,0.7542053326548795,weak
T84,2016.0,147.65674603174602,288.94471246114364,0.5592606374186544,0.6330383652912609,weak
T85,2016.0,91.43204365079364,96.26716165796432,0.44110331479571613,0.2589430246205579,weak
T86,2016.0,68.48660714285714,54.23989390174586,0.6579005729932522,0.8102944033920301,medium
T87,2016.0,46.22519841269841,23.012825960554935,0.6870093635346207,0.8189954506602315,medium
T88,2016.0,857.2688492063492,539.4999854195765,0.6843205699044379,0.8882950646889387,strong
T89,2016.0,2698.9548611111113,1631.8543299002113,0.962960755432383,0.8750173767845211,strong
T90,2016.0,4374.9265873015875,2640.8919029793115,0.9529001436518071,0.7923478810238228,weak
T91,2016.0,178.48263888888889,137.13981213202712,0.9486353144759788,0.7687443279818686,weak
T92,2016.0,2376.6106150793653,1274.4070857869501,0.9670761704444318,0.8830344723391605,strong
T93,2016.0,3607.2366071428573,1749.7626973656904,0.9109041599156965,0.8067246174807531,medium
T94,2016.0,4294.726190476191,2313.22440657777,0.9673537119322447,0.8689911195998664,strong
T95,2016.0,2118.6964285714284,1282.9465508308724,0.9736391574127413,0.8765400038037247,strong
T96,2016.0,899.4593253968254,542.7250542002716,0.9417588600652192,0.8191403432239324,medium
T97,2016.0,1463.061507936508,519.1569900750234,0.8056799008521194,0.8217622815558501,medium
T98,2016.0,393.04464285714283,114.87146885202458,0.9085118826121996,0.7627903062655954,weak
T99,2016.0,293.19146825396825,76.52724153561645,0.6106070003515464,0.6545559192752322,weak
T100,2016.0,266.6195436507937,125.10519222643785,0.6351263551011235,0.8818906625546178,strong
T101,2016.0,1132.670138888889,477.50660140577304,0.8815015869844921,0.8452838973796359,medium
T102,2016.0,152.84325396825398,77.41853266836567,0.9219182748119117,0.8671978490448162,strong
T103,2016.0,241.40228174603175,75.9969805083132,0.8953005987931546,0.8023288378652559,medium
T104,2016.0,1189.388888888889,599.3335390476132,0.5725757729426484,0.7787307588394364,weak
T105,2016.0,390.50099206349205,200.0272501252432,0.8464365537953957,0.7053897503249026,weak
T106,2016.0,181.56001984126985,246.75389458498267,0.24205402761570657,0.7824390573127804,weak
T107,2016.0,171.6984126984127,214.1810753849089,0.42998897869297115,0.5891127011376885,weak
T108,2016.0,63.90079365079365,63.87358142559428,0.5894383224660342,0.8068483638017723,medium
T109,2016.0,129.44940476190476,65.94721478981944,0.8618519887590721,0.8924956754925476,strong
T110,2016.0,530.6011904761905,314.95697249369204,0.8069718567150591,0.9166666666666667,strong
T111,2016.0,279.2405753968254,105.8480031099658,0.8587769659100454,0.8664175608071382,strong
T112,2016.0,419.0843253968254,93.85089719923015,0.6120506061928789,0.5279635757964338,weak
T113,2016.0,1378.139384920635,466.27835451083934,0.8501150983341522,0.7007684977536733,weak
T114,2016.0,270.5654761904762,255.37771915934096,0.2967615237533563,0.23059348226337584,weak
T115,2016.0,46.63988095238095,1.4376170710486575,0.024970830840918737,-0.021932381021770614,weak
T116,2016.0,115.5704365079365,81.7077824039119,0.8887370394514429,0.11763826477104655,weak
T117,2016.0,651.1587301587301,223.2240950931004,0.8820715570846694,0.3176413812822121,weak
T118,2016.0,286.34474206349205,21.119245298004337,0.7092622670964976,0.5959423396188127,weak
T119,2016.0,353.40426587301585,25.60443448185608,0.5154993504469568,0.34642628776348566,weak
T120,2016.0,10289.560515873016,738.6514688062125,0.7595430732606582,0.5872762938948729,weak
T121,2016.0,1350.798115079365,91.17429136098198,0.6302879525117658,0.6682684717184052,weak
T122,2016.0,95.55803571428571,5.900767110366922,0.3722940428091344,0.127820156760544,weak
T123,2016.0,102.14186507936508,11.45807200107402,0.6738877919584556,0.37540034652855303,weak
T124,2016.0,383.07936507936506,182.88302557223298,0.6717935163681299,0.8606954248458133,strong
T125,2016.0,909.9166666666666,208.57542124902048,0.6450359817758031,0.8858988739161128,strong
T126,2016.0,127.2936507936508,19.372140837810356,0.7356256511328431,0.35252305280487406,weak
T127,2016.0,530.733630952381,366.2743206344947,0.6077172971753846,0.8481797782064593,strong
T128,2016.0,349.3020833333333,114.85144181130646,0.4347758017232242,0.7486881341363663,weak
T129,2016.0,11295.50992063492,1707.3902588258277,0.4451627503415991,0.7324195223026994,weak
T130,2016.0,360.7867063492063,175.42203968093216,0.4348542404513736,0.8049277513114721,medium
T131,2016.0,217.6031746031746,166.2865972066204,0.5136093814092237,0.7918781951987509,weak
T132,2016.0,6459.206845238095,749.2394956209802,0.47765357041500556,0.6190675734709371,weak
T133,2016.0,1183.405257936508,590.8103334835347,0.4987604091464194,0.8679914334970328,strong
T134,2016.0,9532.362103174602,973.9424463091034,0.32144150522849807,0.6589016708603297,weak
T135,2016.0,458.26190476190476,272.2949604623583,0.6024460592680353,0.8385653170679096,medium
T136,2016.0,4955.191964285715,1429.9289589811958,0.9510059369364854,0.8724539970237648,strong
T137,2016.0,542.1805555555555,159.71044030044249,0.9495923034697747,0.8679688372008987,strong
T138,2016.0,166.21428571428572,42.80845945231237,0.9282508124626141,0.8419035645210773,medium
T139,2016.0,908.5917658730159,229.53312585493805,0.9431258135976597,0.8605500939927176,strong
T140,2016.0,494.43650793650795,150.70070772902068,0.9341936065946918,0.8602104155266376,strong
T141,2016.0,614.4082341269841,176.29412515212053,0.8214682350637728,0.736499986911167,weak
T142,2016.0,600.4206349206349,229.0516846843518,0.8711611585667788,0.782842664645099,weak
T143,2016.0,318.98015873015873,95.95693686914011,0.9395500353116892,0.8531725776531226,strong
T144,2016.0,563.4508928571429,173.2323153701079,0.8346292512557916,0.7741007757125578,weak
T145,2016.0,193.95486111111111,55.13408480893471,0.9420619098444125,0.8500911183423169,strong
T146,2016.0,310.2916666666667,108.37172968830441,0.9353587450576654,0.8419730483136543,medium
T147,2016.0,352.452876984127,107.8391510614007,0.9361679222719703,0.8033037039649814,medium
T148,2016.0,160.96329365079364,45.63327161228695,0.8192440204712833,0.7454284938976286,weak
T149,2016.0,1537.7415674603174,376.53209666609473,0.9385492804401465,0.7873591209950733,weak
T150,2016.0,1339.8804563492063,301.6835648631226,0.9117237737561679,0.7631951902843908,weak
T151,2016.0,7276.289682539683,1672.1237430038962,0.9417611137732097,0.8416539319308182,medium
T152,2016.0,1738.6299603174602,378.7071220624086,0.8980848245844429,0.7424290439907357,weak
T153,2016.0,1002.0347222222222,244.5190590177762,0.9235786780297836,0.7650280581998901,weak
T154,2016.0,9631.825892857143,2512.842289513699,0.9170302189751085,0.750370695920501,weak
T155,2016.0,1626.0684523809523,460.9453453346721,0.8835828684310176,0.8015037758991119,medium
T156,2016.0,72409.34424603175,17427.24684705536,0.9189235415828654,0.7969824199890959,weak
T157,2016.0,609.4419642857143,207.54163046937745,0.9416470595531536,0.8335551440339729,medium
T158,2016.0,865.6274801587301,297.1707171605204,0.8742418996122472,0.7458880492547493,weak
T159,2016.0,1618.250992063492,492.3978557147745,0.9132170063274015,0.678945569866513,weak
T160,2016.0,2769.5535714285716,715.0354068455634,0.9319634377992656,0.8051139024832643,medium
T161,2016.0,1120.2261904761904,248.3683249328142,0.9076345792893019,0.8113240769027645,medium
T162,2016.0,910.03125,254.08500935668502,0.9513637501953965,0.8707297965702493,strong
T163,2016.0,2127.2574404761904,685.9265462709277,0.9670079986010062,0.8764859595764635,strong
T164,2016.0,3345.68501984127,940.1464601652815,0.9287733790757915,0.8400179210363026,medium
T165,2016.0,2028.4176587301588,464.4612493507792,0.932722324141997,0.8660629686110853,strong
T166,2016.0,759.3998015873016,228.37500462628537,0.9344578033190546,0.8452289905611217,medium
T167,2016.0,3329.0362103174602,998.0165499164165,0.9473659603034762,0.8468283758191503,medium
T168,2016.0,24393.244543650795,6762.435666831567,0.9480895229899647,0.8546239963131145,strong
T169,2016.0,2343.8373015873017,438.7503870091228,0.8839054478654493,0.6462549617190357,weak
T170,2016.0,2665.4325396825398,657.4986740380576,0.9207458052194567,0.8220023469604137,medium
T171,2016.0,736.9409722222222,210.30601991325213,0.9307628281713233,0.8026879956907866,medium
T172,2016.0,1358.8506944444443,388.03778482245076,0.9610430490265959,0.8915735216481383,strong
T173,2016.0,4133.486607142857,947.3735434204464,0.9177715146334953,0.8215340124406252,medium
T174,2016.0,1400.5069444444443,419.708118474827,0.9455443075661257,0.8614009941656188,strong
T175,2016.0,1411.2405753968253,302.6318405474893,0.9466548212834889,0.8482735469610951,strong
T176,2016.0,7857.480158730159,2519.383280426705,0.9687351954688487,0.8697598590000116,strong
T177,2016.0,769.2435515873016,287.81990605500727,0.9594270557752334,0.8471864332762701,strong
T178,2016.0,4881.493055555556,1245.1686959207498,0.9415348464434176,0.8380700393892012,medium
T179,2016.0,2037.0704365079366,634.2454084140097,0.9303069356003112,0.831261323429253,medium
T180,2016.0,10865.57490079365,3731.906641370567,0.9489746356132813,0.8605935750739631,strong
T181,2016.0,577.375,167.61543419316106,0.9453936308084832,0.8566357529313985,strong
T182,2016.0,3445.8839285714284,1089.1186036229399,0.93638836141086,0.8325816321476044,medium
T183,2016.0,0.0,0.0,,,
T184,2016.0,1153.6904761904761,277.87524041320034,0.9535217102266559,0.800170370577776,medium
T185,2016.0,1842.141369047619,436.54219117685614,0.9029572710648422,0.7702816341480473,weak
T186,2016.0,959.4042658730159,293.89894528787636,0.9599865531672509,0.8689094647457934,strong
T187,2016.0,21564.464285714286,6329.341883975013,0.9435914330453521,0.820165636539224,medium
T188,2016.0,3959.3685515873017,865.812796277293,0.9513041490352084,0.889203451839983,strong
T189,2016.0,358.3308531746032,89.18569645881296,0.8822662633794708,0.7607360868924499,weak
T190,2016.0,2312.4464285714284,752.2163021270262,0.9546867986787237,0.854306678365735,strong
T191,2016.0,311.85565476190476,95.42848490839911,0.9471542303464237,0.8395868697876171,medium
T192,2016.0,500.6195436507937,168.10454039961664,0.965674776688715,0.8691600061200283,strong
T193,2016.0,323.9593253968254,96.76432019622199,0.9166751927932405,0.8329925618156679,medium
T194,2016.0,2903.1145833333335,1002.8152980927812,0.8992500481926755,0.7939520234029529,weak
T195,2016.0,580.7594246031746,145.57173189684423,0.8660103890358286,0.87153497738983,strong
T196,2016.0,327.33482142857144,87.45051036819962,0.9593982329758154,0.8876991443890069,strong
T197,2016.0,1609.9181547619048,361.10042318278386,0.8843027991487172,0.7610633003719046,weak
T198,2016.0,421.3174603174603,87.9811059978086,0.8898072532487852,0.7851454973960322,weak
T199,2016.0,1324.436011904762,348.539974695987,0.9435224655906554,0.8249323993602554,medium
T200,2016.0,10097.128968253968,2380.818766150855,0.9314916941098624,0.8246222409025724,medium
T201,2016.0,683.2276785714286,195.77451307058246,0.889981230423908,0.8205424970739543,medium
T202,2016.0,457.14732142857144,160.65067540074068,0.9359612179134875,0.8398390893269334,medium
T203,2016.0,591.4112103174604,156.8700429347826,0.9451407942964085,0.8451073681589166,medium
T204,2016.0,799.0367063492064,185.99954568200903,0.9055244363898981,0.8229154215871458,medium
T205,2016.0,2320.3675595238096,704.4499707071906,0.9584726296932935,0.8862359072140849,strong
T206,2016.0,1682.968253968254,535.8112118518591,0.9467448790276527,0.8573902891372722,strong
T207,2016.0,605.765873015873,186.15108363510421,0.9641914174419385,0.8851108199915667,strong
T208,2016.0,283.4861111111111,82.78051639365601,0.9290757538402739,0.8306179389430547,medium
T209,2016.0,344.8625992063492,84.37883130625362,0.941200917811453,0.8441829727636349,medium
T210,2016.0,288.19742063492066,78.15633951283344,0.9341766869362728,0.8350327909247023,medium
T211,2016.0,767.0555555555555,285.87905348784136,0.9582750154636395,0.7824596084468856,weak
T212,2016.0,1244.439484126984,416.9052475384913,0.9112890737053165,0.865743368052379,strong
T213,2016.0,915.2797619047619,299.5817738007339,0.9593794873962722,0.8727455483990502,strong
T214,2016.0,547.7276785714286,152.29898196803504,0.9574681584361671,0.8654178185876531,strong
T215,2016.0,530.2718253968254,134.70248860488982,0.9424835384879452,0.8439536453732341,medium
T216,2016.0,480.187996031746,150.33541161967506,0.9498689823537875,0.8671404579137255,strong
T217,2016.0,583.3457341269841,113.8222255075903,0.8914161336483697,0.7935620167081661,weak
T218,2016.0,652.2748015873016,252.1853529883633,0.9705843832285388,0.8812730873436739,strong
T219,2016.0,224.53125,76.73075747368274,0.9133102105470661,0.8009660590751115,medium
T220,2016.0,705.2256944444445,169.1338085450988,0.9094465792595747,0.8094575795146832,medium
T221,2016.0,738.3253968253969,245.28520059877042,0.944040696600002,0.833572783301192,medium
T222,2016.0,770.2678571428571,264.1537733044215,0.9526544497810849,0.8740261877849892,strong
T223,2016.0,642.7232142857143,179.79690310419377,0.9319188141547354,0.8418880716707124,medium
T224,2016.0,1049.658234126984,271.81878366374394,0.9234202353921863,0.8411936785663794,medium
T225,2016.0,245.97123015873015,76.1079288315376,0.9474011218137786,0.8772547351912149,strong
T226,2016.0,850.1676587301587,226.7566187621763,0.8846430892963024,0.8124717357845894,medium
T227,2016.0,2840.0863095238096,852.5726808210618,0.9544451797163938,0.8571035443522197,strong
T228,2016.0,249.58878968253967,82.47046761775204,0.9350940082393653,0.8744990622252707,strong
T229,2016.0,564.9771825396825,149.52800235173348,0.9559197221057265,0.8657312270769185,strong
T230,2016.0,626.1066468253969,135.1629712792156,0.9443622570298096,0.8287997637682291,medium
T231,2016.0,1797.7296626984128,525.049185935823,0.9437612290280986,0.8426023433135178,medium
T232,2016.0,1281.220238095238,284.39263656655504,0.9256904587969933,0.8400246687975936,medium
T233,2016.0,507.2375992063492,124.88287606043143,0.9500581204130952,0.8582726205847491,strong
T234,2016.0,7158.326884920635,2394.94391747461,0.9510076674320506,0.8593623959308974,strong
T235,2016.0,340.7445436507937,102.93266561584717,0.9650359188684273,0.8776491347153533,strong
T236,2016.0,322.41269841269843,94.33544881030872,0.9499648078411782,0.8665670889852959,strong
T237,2016.0,46107.07986111111,9510.66884253741,0.8775425001484601,0.8528814084944727,strong
T238,2016.0,1056.4895833333333,354.2490784938124,0.9501002293462647,0.8340713756228277,medium
T239,2016.0,405.515873015873,90.2765193528199,0.9521989674453326,0.867365917429275,strong
T240,2016.0,432.8804563492063,63.78981868019427,0.851481868779639,0.7664462336775867,weak
T241,2016.0,1003.6750992063492,226.27824539771368,0.9450165811462015,0.8525766978619319,strong
T242,2016.0,251.0858134920635,73.87927919234924,0.9506171343163207,0.8587258778835667,strong
T243,2016.0,382.65228174603175,119.22511730329356,0.9572569979991725,0.8744686821836251,strong
T244,2016.0,497.0337301587302,146.40268740070795,0.9191834947706632,0.8341323656221705,medium
T245,2016.0,568.9176587301587,162.72915821757636,0.9460170134980678,0.8631704919150202,strong
T246,2016.0,440.86507936507934,291.62554242527347,0.823294603328993,0.7331549169454383,weak
T247,2016.0,2446.254464285714,409.99473746853823,0.8728210780768233,0.695736605154816,weak
T248,2016.0,324.8065476190476,96.49599710417363,0.9267278440022992,0.7317367265165149,weak
T249,2016.0,908.2787698412699,237.06246595268107,0.8934964075514067,0.7670213216785385,weak
T250,2016.0,381.1904761904762,129.32991768229712,0.949399829489004,0.8762278901453942,strong
T251,2016.0,2289.7976190476193,583.3394487045823,0.9507911798368519,0.8215397722142663,medium
T252,2016.0,941.4255952380952,281.07197084957573,0.8935780460680474,0.8012616567070924,medium
T253,2016.0,334.89632936507934,76.30044952447888,0.9322930163882357,0.8015731705154667,medium
T254,2016.0,578.2281746031746,181.59062005922365,0.9400897876918561,0.8521770118324622,strong
T255,2016.0,3413.2996031746034,929.1104459394538,0.9433558001848839,0.8662175850680338,strong
T256,2016.0,1789.328869047619,410.8487011516608,0.9237442606505217,0.7769742021985666,weak
T257,2016.0,492.1736111111111,130.82042936840745,0.938533242380895,0.8227187527094799,medium
T258,2016.0,425.5520833333333,123.14852734534176,0.9426995900239271,0.8796565604143595,strong
T259,2016.0,442.703373015873,120.96143582512872,0.9407995057920555,0.8142941487380045,medium
T260,2016.0,580.8065476190476,168.59471772869273,0.9478752356891731,0.8643564625608925,strong
T261,2016.0,238.0079365079365,73.20842268002744,0.918852790593388,0.8286386764532896,medium
T262,2016.0,290.4627976190476,95.07669525736691,0.9315589442113368,0.8314909058525244,medium
T263,2016.0,2950.534722222222,999.5176489389264,0.9507379473763147,0.8811776797894023,strong
T264,2016.0,836.6359126984127,214.74885289889025,0.9246132315944721,0.8222353523086895,medium
T265,2016.0,2050.8065476190477,492.25361986140075,0.9195184892565735,0.8201679597624746,medium
T266,2016.0,486.9012896825397,142.09760673426757,0.944852009614635,0.8859877829196534,strong
T267,2016.0,1415.545138888889,478.0604559569661,0.929531546826009,0.8309439215130393,medium
T268,2016.0,867.1383928571429,269.24148155711055,0.9587623050452312,0.8716801434119524,strong
T269,2016.0,4046.0133928571427,1193.1965833952872,0.9527743325191864,0.8533789728721102,strong
T270,2016.0,336.8030753968254,82.63070700739486,0.9654049032192275,0.8816593937638051,strong
T271,2016.0,1544.499007936508,378.03516543906284,0.9548185194813174,0.8583110917750726,strong
T272,2016.0,1887.7058531746031,690.0049065887387,0.9614633884656157,0.8679608561276188,strong
T273,2016.0,610.0882936507936,189.3357990016582,0.9458115261138363,0.8512422274525339,strong
T274,2016.0,366.8253968253968,100.07096821954948,0.9511026665371258,0.8726229216097728,strong
T275,2016.0,390.9429563492063,113.70936924788592,0.940149025936857,0.8570512830400211,strong
T276,2016.0,417.55555555555554,117.31143214534953,0.9306070226657679,0.8553979360384446,strong
T277,2016.0,6224.918154761905,1955.200655158521,0.8958550317886896,0.7662580012939894,weak
T278,2016.0,1264.6537698412699,303.38059084663763,0.9279327013949077,0.8034512942492541,medium
T279,2016.0,1133.4260912698412,274.91759676981405,0.9380707694625763,0.8203747866768005,medium
T280,2016.0,860.421626984127,264.39761162361805,0.943298649523399,0.8486452266971274,strong
T281,2016.0,1950.295634920635,576.1549166646234,0.9344895167180678,0.8180748258742396,medium
T282,2016.0,4688.6140873015875,1488.4490892701594,0.9362330893414661,0.8432110140621347,medium
T283,2016.0,729.3819444444445,201.9023685349646,0.9547548669501361,0.8638667554691262,strong
T284,2016.0,356.4300595238095,115.35672360013682,0.9612187627411148,0.8662391584137522,strong
T285,2016.0,707.8482142857143,208.92761139295777,0.894094950061669,0.7829608872423159,weak
T286,2016.0,356.23859126984127,132.380146147552,0.9509885626750803,0.8242167518884007,medium
T287,2016.0,301.7986111111111,188.90113290804797,0.9497634753991587,0.8248991782945114,medium
T288,2016.0,252.8204365079365,132.0135744095314,0.8963486521527871,0.7016587810632768,weak
T289,2016.0,548.9275793650794,255.57130934440497,0.9325277584424995,0.7350013631192382,weak
T290,2016.0,992.1125992063492,385.8186072989293,0.9509973159469837,0.8278467594535132,medium
T291,2016.0,11680.581845238095,5871.5345024060125,0.9112862896680518,0.8331047424992554,medium
T292,2016.0,546.1999007936508,332.5573426207014,0.9596223737925592,0.8574874148356404,strong
T293,2016.0,3744.3199404761904,1911.66910789876,0.9695386776776799,0.8860069154529477,strong
T294,2016.0,980.1215277777778,548.8427151787739,0.9450327629996472,0.8502888934548815,strong
T295,2016.0,527.4806547619048,352.46602000857104,0.9601585751115758,0.8536161261955173,strong
T296,2016.0,694.3095238095239,448.00839529027456,0.8977881836229548,0.7940021149291354,weak
T297,2016.0,7591.563492063492,3023.5217724810864,0.9371981214558224,0.8602137222159255,strong
T298,2016.0,1025.3814484126983,467.95644133316904,0.8516074680379161,0.8160660859874113,medium
T299,2016.0,5.470238095238095,10.707840323228353,0.7681067946171528,0.08307056872623235,weak
T300,2016.0,47.77232142857143,52.07311564315672,0.5069721221016372,0.43390699666550897,weak
T301,2016.0,748.8794642857143,418.02628987030096,0.9020387485134603,0.79044367398827,weak
T302,2016.0,2248.0133928571427,1503.074372664609,0.9571977409230854,0.845434613212455,medium
T303,2016.0,6281.745535714285,3303.6881009987105,0.9438613765342021,0.8470861280272853,medium
T304,2016.0,335.1299603174603,246.62835926641299,0.7398658060334601,0.593161532900035,weak
T305,2016.0,1975.826884920635,717.5546784454458,0.9576792026993197,0.8819386253630186,strong
T306,2016.0,448.5699404761905,314.98675971984284,0.8684366442911763,0.7551662479190486,weak
T307,2016.0,2595.8958333333335,1506.6783146089272,0.9692002072185082,0.8854336430277475,strong
T308,2016.0,147.4657738095238,38.8803212965562,0.8855276533553762,0.8127629532027562,medium
T309,2016.0,7441.662202380952,4270.086700878073,0.9577566634654846,0.8835764365675024,strong
T310,2016.0,2865.6626984126983,1705.1966707188978,0.9253626324008692,0.801326672666259,medium
T311,2016.0,369.13988095238096,180.53138955832264,0.9089698253681944,0.7330068308370539,weak
T312,2016.0,2056.2891865079364,1069.8539551357355,0.9590201456355995,0.8804787488468223,strong
T313,2016.0,1088.2301587301588,665.9889387004888,0.9522747488188288,0.8575599116595698,strong
T314,2016.0,166810.31746031746,108459.63526969712,0.9534583586388203,0.8027941976209714,medium
T315,2016.0,9409.524305555555,5491.337409777362,0.9745622220262845,0.8835780039328568,strong
T316,2016.0,13505.311011904761,8595.845535792056,0.9440988304014432,0.8496856453535117,strong
T317,2016.0,395.43551587301585,211.97172853694482,0.9075491697421206,0.755785447281516,weak
T318,2016.0,47.492559523809526,37.14218102516303,-0.015745140001469392,0.6189272437483555,weak
T319,2016.0,2321.4459325396824,445.06710642280325,0.5797718564717881,0.7852070579108402,weak
T320,2016.0,506.1622023809524,279.00249966862305,0.5265428050708291,0.8666942788032,strong
T321,2016.0,3164.8566468253966,446.1843642378603,0.6532511331595644,0.6999031774424223,weak
